ID,HRDTime,HRDTime_ci_hi,HRDTime_ci_lo,HRDTime_ci_IQR_hi,HRDTime_ci_IQR_lo,WGDTime,WGDTime_ci_hi,WGDTime_ci_lo,WGDTime_ci_IQR_hi,WGDTime_ci_IQR_lo,WGDTime_CpG,pi2SBS1,pi2SBS1_ci,pi2SBS3,pi2SBS3_ci,pi1SBS1,pi1SBS1_ci,pi1SBS3,pi1SBS3_ci,c,c21,Nt_SBS1,Nt_SBS3,N_mut(C>TpG),N_mut_all
Patient101,-0.16513549538477257,0.20715489173349655,0.3069009833932966,0.10094909962516613,0.08919488932568309,0.7824688065631787,0.03499190240159189,0.037624679309643305,0.011612434469819077,0.01270929772368845,0.7742374920153756,"[0.5600765719789035, 0.375409228561442, 0.626928330898429]","[0.05202829977146012, 0.10196963905282794, 0.047766663729929715]","[0.5971679366742625, 0.3597587818800653, 0.6874084747241608]","[0.06394016217145371, 0.0784015868346917, 0.0526695496379711]","[0.3552261193279071, 0.5849928151140761, 0.32447254067868725]","[0.04091792642839642, 0.0939948034333492, 0.041390645104334406]","[0.342954429108584, 0.5945939755027247, 0.27893761192287503]","[0.053212975410239005, 0.07177800409310375, 0.04578679741216188]","[0.10459387336934198, 0, 0.08953247150169837]",0.09736426204087056,"[92.7060307124629, 28.911358728124124, 64.37879627076444]","[926.5638225201577, 382.01964377482597, 843.6229639409207]","[129, 40, 87]","[2263, 909, 2089]"
Patient17,0.08909351892932131,0.12447570079457056,0.15796975795644996,0.050045562036151195,0.04680198732780125,0.5826735173044169,0.042573450607400254,0.047093413561485,0.01703582222006572,0.014432237767040945,0.5161862768142335,"[0.3312149575590784, 0.24683190426503693, 0.3759478197952509]","[0.04692435401294867, 0.03327413124103287, 0.06162854621813382]","[0.3025311092328794, 0.2041622971625983, 0.30085629893569804]","[0.06591336529582331, 0.043669767736015774, 0.06372245545623584]","[0.6030219180211174, 0.6876184831209984, 0.5500184694853154]","[0.041930757518466644, 0.029705637003610452, 0.053845613961045896]","[0.6184784479019321, 0.7197019700317543, 0.6360999051433507]","[0.0578264929267569, 0.038731400693931994, 0.05702242241862032]","[0.0858597362602119, 0, 0.055425790657655155]",0.07785001376057399,"[72.86911781645745, 92.57598683838805, 19.319609117834727]","[834.679311323766, 1231.4355730100622, 303.80487792974117]","[92, 114, 26]","[1495, 2111, 534]"
Patient18,0.10463716647190846,0.2176445779147827,0.25188009247203563,0.07552582426514234,0.08070334593807366,0.7353483685302448,0.05050367762195851,0.05396939470048068,0.015175785778345108,0.014187368734877248,0.7030508227198016,"[0.5339374066032267, 0.32311393177731423, 0.4938344047213377]","[0.07908826786278966, 0.04934102547361491, 0.06554803909380863]","[0.4527030447122916, 0.2938713921785386, 0.5049617227664708]","[0.08371988881468428, 0.049452801679353786, 0.0757779164209155]","[0.41232653772320815, 0.5876988816226923, 0.44458922878966545]","[0.06908388207425431, 0.04222173846280397, 0.05562494272518351]","[0.4858919137922133, 0.6391716117389742, 0.4502667712645958]","[0.07294054882504517, 0.0433386635314873, 0.06704851216678825]","[0.05755988783916823, 0, 0.07896871695195071]",0.06838240526428596,"[38.14291856681535, 60.7029519101999, 45.50580413786917]","[572.4377766617632, 808.7503978918179, 578.629369426168]","[62, 86, 71]","[1479, 1815, 1512]"
Patient25,0.2109849090067303,0.053823071952441154,0.06271179581655692,0.02153505877200715,0.01817955221943726,0.3594074849663274,0.03689256783816869,0.04194278388377426,0.012494972632983381,0.012453535371760027,0.2912351605969019,"[0.20614421747160677, 0.14396151270339572, 0.12132240055917684]","[0.03943072954038884, 0.02954818141098956, 0.022525069438068444]","[0.06980620104451256, 0.07390645396747265, 0.0877841834417827]","[0.02107562778121674, 0.018884319215432568, 0.02472701691931136]","[0.7172910397151543, 0.7797488031705251, 0.8378565835913563]","[0.03501202628747219, 0.02617322358433316, 0.019932403702336454]","[0.8515602934622786, 0.8389263447217427, 0.8358624744956558]","[0.019246949081584086, 0.016931162004027056, 0.02202251781435316]","[0.043492223260147005, 0, 0.0408257248634907]",0.042692273741150116,"[84.95167987761008, 79.76848856501897, 28.643843944027818]","[1653.5952309595293, 1619.0106548850804, 706.6003258700786]","[121, 119, 40]","[2821, 3238, 1209]"
Patient26,0.08843189880933876,0.09734140973556187,0.07904461409005437,0.025348198945865943,0.029059190694240684,0.3587497813351917,0.04528144432543485,0.06017716531714706,0.01731160125091441,0.016012981464798126,0.29698852060415415,"[0.2125694704185497, 0.12965925254025434, 0.19004479855380788]","[0.05177584949946887, 0.026389899092508988, 0.04510082275972058]","[0.1394484282371882, 0.1710667918867125, 0.18407165595588076]","[0.028672156629138863, 0.041910579693758776, 0.0332797295062027]","[0.7049670368645704, 0.7976494600348373, 0.7581173500541586]","[0.04394620603296079, 0.023020285650368788, 0.04131152753808964]","[0.7921289924636546, 0.760353923406101, 0.7695755569868652]","[0.026336313913276566, 0.037534839146155075, 0.0307861175973132]","[0.048648033282025355, 0, 0.0601459139553411]",0.05243682293744803,"[40.58216822475522, 75.06183867852923, 22.01325458976925]","[744.464251388624, 877.1569433628015, 361.5607942448938]","[61, 113, 35]","[1231, 2130, 605]"
Patient33,0.1928217800324476,0.0770531540672651,0.08150286976668712,0.02602311189322959,0.026448177419649693,0.3652680792020838,0.06348795595371404,0.05094002469068082,0.01591341141698127,0.02264293056007305,0.32529823935056024,"[0.17325755342337718, 0.17401130199328285, 0.1879662309230225]","[0.03552867676169305, 0.05808270545635093, 0.03609858190253279]","[0.08421745120343793, 0.08338210443596869, 0.08513690606713141]","[0.037369095760359836, 0.03854944020132531, 0.03412547706329233]","[0.7993920844607573, 0.7977029477807183, 0.7474654935688505]","[0.03374626636696548, 0.05569669065306071, 0.03371290926543957]","[0.8818593037151513, 0.8739377158477382, 0.8707249187641373]","[0.03603474320269501, 0.03656643102352913, 0.032464445854080426]","[0.058109673390169904, 0, 0.052335963858764795]",0.05640997741279117,"[73.6111501893695, 46.98489668917948, 29.373164411097537]","[1152.8224392763325, 872.0769610200445, 483.83560087279324]","[86, 68, 34]","[1860, 1904, 776]"
Patient34,0.4125671181642732,0.07837211244917719,0.07193079026456894,0.02348968719118738,0.025730359208903264,0.6090103040272274,0.04299080449635806,0.047526203744053364,0.013737104305695746,0.014010677349134859,0.5257559186309847,"[0.38463972625300985, 0.24074529055846486, 0.5099170642430081]","[0.053647550426977636, 0.04124022263493188, 0.05866360511909827]","[0.14601249790579654, 0.11062902898246244, 0.22690638873789049]","[0.03760670800516211, 0.02477713612957186, 0.05519927720790804]","[0.5562902323251929, 0.7131700087206625, 0.47142099885409017]","[0.048071731273062246, 0.037482169587140846, 0.0558352398229191]","[0.7957613272559394, 0.8197767887455539, 0.7166848515675727]","[0.034599248225969326, 0.02238791648644778, 0.050486776788944865]","[0.04327760679177231, 0, 0.03858145722292206]",0.04175681164217532,"[53.41609624527303, 52.060502660993315, 24.427260244540033]","[866.1308021324517, 1037.703079294106, 417.9873267961842]","[69, 72, 31]","[1543, 1757, 739]"
Patient82,0.3247398796061552,0.1281721032871485,0.16505735732478627,0.055797942621876095,0.04554722042153864,0.8135366963180032,0.043694401642125236,0.05072882880618479,0.015528410913917434,0.0165430505858849,0.805540473483658,"[0.5757839472333262, 0.4040842592869193, 0.6359030929358676]","[0.0649306751919968, 0.07806491182665654, 0.055879417505460716]","[0.47285411715432984, 0.2532851525415706, 0.4973045214649064]","[0.07420579652430939, 0.05687318300433292, 0.06744056728316683]","[0.36554840045139486, 0.5441086359690037, 0.30031482889720357]","[0.0544270677494407, 0.07081324317135065, 0.04415426008539303]","[0.45142879129682234, 0.670944895300029, 0.44750669427423206]","[0.06199390911402794, 0.05026718902363997, 0.05873420149924086]","[0.055378808090920335, 0, 0.04906736916027068]",0.052926645377317214,"[52.41178025390472, 35.05848732282802, 34.9037584369741]","[770.6238662366477, 607.2484678346111, 479.8249888507026]","[71, 47, 48]","[1407, 976, 894]"
